movie_id,imdb_rating,rotten_tomatoes
tt0069049,6.7,61
tt0315642,7.1,59
tt0365545,6.4,74
tt0460890,6.4,63
tt0462335,5.5,67
tt0475290,6.3,72
tt0478970,7.2,84
tt0490215,7.2,77
tt0800325,7.0,79
tt0810819,7.1,75
tt0810836,5.4,48
tt0825283,3.6,50
tt0837156,6.1,73
tt0837563,5.7,68
tt10003978,7.6,51
tt10011500,7.3,48
tt1002563,5.7,57
tt10054316,4.4,51
tt10055028,7.4,48
tt10059518,6.0,72
tt10060094,5.6,60
tt10065694,5.8,67
tt10091530,5.0,48
tt10092752,5.2,46
tt10121762,7.0,49
tt10127562,6.5,60
tt10127684,6.1,60
tt10147546,7.6,71
tt10156112,7.3,58
tt10161886,5.9,65
tt10165624,3.4,40
tt10181594,5.3,38
tt10183816,5.4,60
tt10199586,6.7,79
tt10199914,6.8,64
tt10229846,6.2,43
tt10230422,5.8,53
tt10230436,7.5,53
tt10230492,5.5,42
tt10235600,3.7,39
tt10243992,6.2,65
tt10250750,5.6,44
tt1025100,5.7,73
tt10253466,5.6,54
tt10255320,3.6,43
tt10276114,8.1,46
tt10276470,6.1,62
tt10288566,7.7,80
tt10289996,7.5,57
tt10303324,4.0,54
tt10307440,6.0,58
tt10308928,4.6,58
tt10324122,5.1,60
tt10324144,8.1,92
tt1034385,6.0,63
tt1034415,6.7,73
tt10350626,5.6,65
tt10362466,5.1,68
tt10394738,7.5,63
tt10397734,4.2,37
tt10431500,8.2,77
tt10456740,6.4,73
tt10477558,7.5,63
tt10514222,6.9,84
tt10525174,4.0,38
tt10525672,7.1,62
tt10529644,3.7,42
tt10539608,5.7,71
tt10579992,6.4,53
tt10589914,6.2,69
tt10600398,4.7,54
tt10618286,6.8,74
tt10627584,6.8,82
tt10637682,5.7,46
tt10642834,7.2,64
tt10649016,6.8,61
tt10682266,5.3,63
tt1070874,7.7,92
tt10709060,6.1,74
tt10711654,7.0,47
tt10714856,6.3,62
tt10715194,5.3,49
tt1072748,5.5,65
tt10728764,6.5,74
tt10731386,7.1,61
tt10773090,5.8,56
tt10773114,7.3,53
tt10798660,5.3,47
tt10816484,6.9,67
tt10845262,7.5,77
tt10851618,8.1,67
tt10856726,6.3,55
tt1086064,5.9,72
tt10883004,6.7,75
tt10886166,3.3,59
tt10895610,6.9,60
tt10915286,7.6,89
tt10920190,3.3,40
tt10933680,5.8,56
tt10941528,5.6,49
tt10958282,6.4,42
tt10994688,5.3,62
tt11010144,4.6,50
tt11044122,7.7,61
tt11057594,4.6,46
tt11057644,6.0,64
tt11057912,6.2,41
tt11101550,3.6,38
tt11127690,5.7,62
tt11156614,5.4,49
tt11161474,7.0,88
tt11199410,5.5,57
tt1124037,6.9,72
tt11240506,4.9,59
tt11242218,5.6,60
tt11276598,3.7,50
tt11284280,5.2,56
tt11327514,7.3,69
tt11378154,2.7,39
tt11378264,7.3,58
tt11388406,6.0,72
tt11388580,7.4,90
tt11390036,5.9,60
tt11394180,7.4,64
tt11394184,6.8,58
tt11394338,7.0,68
tt11416746,6.8,73
tt11426644,7.0,64
tt11454066,7.1,59
tt11464826,7.6,93
tt11576124,4.2,57
tt1158939,6.0,58
tt11640412,6.8,47
tt11642302,5.3,46
tt11649910,8.0,70
tt11651796,6.9,60
tt11656172,3.1,53
tt11681250,6.1,63
tt11690838,6.4,46
tt11697484,3.9,52
tt11749980,5.9,46
tt11792734,3.7,45
tt11827806,5.3,47
tt1183374,5.7,62
tt11835236,5.5,41
tt11905462,7.6,67
tt11905962,6.4,70
tt11906032,7.8,49
tt11916302,8.2,67
tt11958344,6.7,81
tt11968072,4.0,42
tt11988512,5.6,53
tt11990802,5.6,43
tt11994750,7.0,57
tt12036052,7.3,54
tt12053202,4.7,38
tt1206885,6.1,73
tt12100044,7.1,45
tt12108272,6.1,57
tt12116846,4.6,55
tt1211837,7.5,85
tt12139700,5.5,51
tt12187586,7.3,53
tt12215286,5.2,45
tt1226837,7.4,87
tt12282598,5.6,50
tt12298506,6.2,61
tt1230168,6.6,64
tt12323842,6.4,43
tt1235187,6.6,59
tt1239242,6.0,50
tt12393526,6.6,63
tt12517908,3.4,39
tt12538822,6.9,74
tt12588398,5.7,36
tt12607910,6.0,79
tt1266036,5.5,57
tt12660966,6.6,48
tt12690910,6.5,41
tt12724622,6.4,53
tt12752158,1.3,34
tt12757438,3.7,43
tt12766708,6.5,42
tt12792418,6.8,60
tt12824834,4.8,40
tt12838350,4.7,66
tt1285009,5.3,64
tt12888462,8.1,83
tt1289401,6.8,78
tt12981810,1.3,36
tt12982218,6.8,41
tt1298644,5.5,67
tt12987894,7.2,68
tt13009186,6.1,53
tt1302006,7.8,98
tt13033280,4.3,42
tt13055780,5.9,57
tt13058290,7.3,63
tt13065386,7.6,64
tt13081264,6.3,44
tt1308728,5.5,64
tt13106900,4.1,41
tt13143964,6.6,88
tt13150630,7.2,60
tt13179918,2.4,42
tt13206564,8.1,62
tt13236566,5.9,62
tt13237174,7.2,54
tt13276386,6.5,49
tt13279528,5.9,51
tt13290168,5.6,45
tt13292206,2.4,38
tt13318052,5.8,52
tt13410288,6.4,58
tt13528990,7.3,47
tt1365050,7.7,74
tt13723064,5.9,57
tt1386691,6.3,61
tt1464763,5.5,64
tt1480285,4.5,54
tt1485796,7.5,82
tt1488606,6.5,72
tt1489887,7.1,78
tt1507002,5.7,50
tt1536537,6.8,86
tt1540011,5.0,64
tt1542768,5.9,61
tt1544608,5.2,59
tt1545304,5.2,57
tt1552211,3.8,46
tt1588878,5.2,58
tt1617661,5.3,71
tt1618434,6.1,76
tt1620680,4.3,62
tt1620981,5.9,68
tt1629242,5.6,61
tt1655441,7.2,77
tt1655461,5.7,56
tt1680140,5.4,51
tt1690967,6.0,64
tt1691916,6.4,71
tt1694021,5.3,60
tt1712192,6.4,62
tt1712261,6.3,70
tt1714917,7.2,62
tt1720621,5.8,53
tt1724970,5.3,63
tt1727770,6.0,67
tt1727824,7.9,85
tt1730768,7.0,71
tt1734493,6.3,69
tt1754656,7.6,74
tt1773753,5.1,59
tt1780967,6.0,65
tt1781922,6.8,73
tt1790809,6.5,78
tt1799516,6.4,59
tt1801552,4.8,58
tt1825683,7.3,84
tt1830643,4.5,56
tt1833116,6.6,70
tt1838556,6.0,72
tt1841642,5.3,61
tt1860242,6.9,73
tt1878841,4.5,59
tt1880399,6.8,67
tt1918734,4.9,62
tt1935194,5.4,59
tt1935859,6.7,76
tt1937340,5.4,44
tt1949605,4.9,50
tt1950135,4.6,45
tt1950235,5.9,73
tt1961175,6.2,72
tt1974419,6.1,70
tt1979376,7.6,82
tt1979388,6.7,75
tt1999890,5.5,61
tt2005151,7.1,79
tt2006295,6.9,69
tt2016335,5.4,51
tt2025690,6.7,72
tt2032572,5.3,63
tt2057392,7.3,75
tt2066051,7.3,79
tt2069797,5.7,62
tt2072233,5.6,67
tt2076298,7.0,71
tt2080374,7.2,76
tt2090465,6.1,63
tt2093991,6.3,62
tt2106651,6.3,71
tt2114504,4.2,52
tt2126357,5.8,66
tt2140379,6.5,73
tt2197936,6.6,57
tt2224026,6.5,74
tt2226597,6.4,72
tt2235695,6.1,60
tt2277860,7.2,81
tt2291540,6.2,66
tt2323912,3.7,44
tt2338424,6.2,62
tt2365580,6.5,67
tt2368254,6.7,67
tt2380307,8.4,87
tt2386237,4.9,60
tt2386404,6.3,64
tt2388771,6.5,69
tt2390335,3.3,38
tt2395427,7.3,84
tt2396589,7.4,91
tt2401097,5.6,60
tt2404465,6.9,64
tt2417712,5.8,62
tt2424988,7.1,60
tt2433040,5.1,51
tt2452042,7.0,72
tt2452386,7.3,89
tt2474932,5.8,56
tt2477218,5.8,50
tt2479478,4.9,62
tt2481498,6.7,74
tt2499472,5.7,57
tt2523832,7.0,63
tt2538204,5.0,46
tt2543164,7.9,86
tt2548396,5.5,69
tt2554274,6.5,75
tt2566644,6.9,71
tt2567026,6.2,73
tt2582498,6.2,64
tt2582576,6.3,69
tt2582782,7.6,81
tt2582784,6.0,62
tt2586120,6.3,57
tt2597760,5.4,57
tt2649554,6.6,73
tt2652118,6.1,64
tt2660888,7.0,80
tt2702920,5.6,60
tt2713980,7.7,46
tt2718440,6.1,58
tt2726552,5.3,58
tt2737304,6.6,86
tt2752772,5.3,64
tt2782692,6.9,74
tt2788732,6.7,72
tt2800050,7.3,64
tt2802136,5.5,60
tt2806390,5.9,49
tt2865120,5.5,63
tt2866708,5.9,58
tt2884018,6.6,67
tt2888046,7.0,71
tt2910904,7.0,72
tt2931140,6.2,48
tt2932536,5.6,69
tt2933474,4.2,57
tt2936390,4.9,53
tt2937366,5.7,62
tt2938956,5.2,64
tt2948356,8.0,85
tt2948372,8.0,89
tt2948606,3.0,36
tt2950052,6.1,57
tt2950418,7.3,65
tt2962984,5.2,53
tt2967226,4.5,50
tt2978102,5.6,59
tt2980210,6.1,67
tt2990126,5.8,57
tt2990140,7.0,84
tt3009772,6.4,61
tt3014078,5.2,49
tt3016748,3.6,51
tt3018070,5.4,57
tt30216076,7.8,12
tt3038708,5.0,58
tt3053228,3.5,52
tt3065204,7.3,81
tt3068194,6.4,65
tt3072482,6.7,73
tt3074546,4.4,45
tt3077214,6.9,69
tt3082854,6.4,59
tt3083008,6.5,65
tt3089630,4.3,60
tt3095734,5.7,65
tt3100274,6.2,62
tt3111426,6.2,65
tt3120280,5.7,64
tt3120960,3.9,47
tt3131050,3.4,62
tt3148502,7.4,64
tt3155328,6.2,72
tt3155342,6.5,59
tt3164256,5.5,58
tt3174376,6.2,78
tt3183402,5.9,81
tt3201640,5.8,74
tt3203528,6.5,67
tt3203606,7.4,75
tt3203620,4.5,54
tt3208026,6.8,64
tt3216348,5.3,61
tt3228088,4.4,48
tt3233418,7.2,66
tt3234084,4.4,52
tt3236120,6.7,60
tt3255590,5.7,59
tt3256226,4.8,59
tt3260524,7.8,87
tt3278540,5.2,56
tt3282076,4.5,55
tt3292080,6.4,49
tt3311020,4.8,52
tt3316948,6.1,72
tt3317234,5.5,63
tt3317696,7.8,47
tt3319920,5.6,64
tt3322892,4.6,57
tt3322898,5.9,46
tt3332064,5.7,66
tt3335606,6.3,67
tt3340446,6.9,59
tt3349578,4.7,51
tt3375972,5.5,45
tt3379352,8.3,51
tt3385516,6.8,80
tt3401748,6.5,60
tt3405236,6.6,73
tt3410408,6.8,58
tt3411444,6.7,72
tt3415992,6.1,51
tt3416532,7.4,76
tt3416828,5.7,69
tt3447364,7.6,64
tt3451230,6.3,63
tt3451984,4.6,48
tt3458510,5.2,53
tt3460252,7.8,85
tt3480886,6.4,57
tt3481000,4.0,45
tt3481634,5.2,59
tt3482000,6.1,44
tt3498820,7.8,86
tt3501632,7.9,86
tt3503406,6.2,67
tt3507138,5.6,50
tt3511596,5.1,47
tt3521126,7.3,78
tt3521164,7.6,83
tt3547306,4.9,53
tt3553976,7.8,82
tt3567666,4.8,57
tt3569230,6.9,75
tt3588588,3.8,52
tt3606752,6.7,76
tt3606756,7.5,83
tt3608930,6.1,63
tt3610576,3.9,50
tt3614530,4.2,55
tt3620846,5.2,50
tt3625516,3.6,45
tt3650484,7.6,54
tt3654796,6.4,67
tt3660770,7.2,61
tt3661298,6.2,55
tt3661394,6.6,67
tt3672120,5.5,52
tt3685236,5.2,67
tt3687398,4.7,54
tt3691740,6.3,72
tt3700364,5.7,43
tt3703836,6.1,57
tt3704416,5.8,58
tt3707106,5.3,59
tt3707114,7.4,62
tt3711510,5.9,57
tt3715320,6.6,69
tt3721964,6.1,65
tt3722070,6.7,68
tt3722614,5.3,59
tt3727982,5.6,55
tt3730510,5.4,50
tt3732280,5.5,52
tt3739110,5.8,56
tt3746298,4.7,51
tt3746824,5.8,55
tt3748172,6.5,88
tt3748440,5.7,58
tt3748528,7.8,85
tt3748718,6.6,51
tt3755362,5.6,58
tt3758172,6.7,74
tt3766394,6.6,65
tt3767278,4.6,49
tt3771536,6.1,60
tt3774114,7.3,78
tt3774466,6.4,62
tt3776826,6.1,60
tt3778354,6.7,44
tt3778644,6.9,79
tt3780500,6.7,62
tt3799232,5.9,73
tt3799694,7.4,81
tt3802576,6.4,54
tt3804756,5.0,39
tt3813310,6.3,65
tt3824412,5.5,56
tt3829378,5.8,59
tt3833474,5.3,47
tt3833480,6.9,71
tt3835080,5.1,64
tt3846674,7.0,94
tt3859272,6.0,62
tt3860092,7.3,52
tt3864056,6.4,67
tt3892172,7.1,76
tt3896102,6.2,57
tt3896198,7.6,85
tt3907584,6.6,67
tt3957956,5.1,56
tt3962984,5.7,55
tt3963816,5.5,64
tt3967856,7.3,92
tt3967878,5.9,60
tt3972110,3.6,38
tt3977462,6.3,60
tt3979300,6.3,59
tt3993886,6.0,64
tt4000956,4.9,48
tt4002772,6.2,53
tt4003440,6.8,73
tt4007558,3.7,45
tt4008566,4.6,46
tt4016934,8.1,81
tt4019560,4.4,57
tt4034208,6.1,49
tt4034228,7.8,81
tt4034452,6.5,61
tt4052050,5.3,58
tt4068576,7.3,71
tt4072296,4.6,40
tt4083572,4.3,54
tt4086018,5.6,56
tt4102722,5.4,54
tt4106514,5.8,63
tt4109632,6.5,49
tt4110568,7.1,59
tt4111956,3.9,47
tt4118606,4.3,53
tt4126304,7.3,69
tt4126476,5.3,71
tt4129428,6.4,71
tt4136084,6.8,69
tt4139588,6.3,73
tt4144190,5.9,67
tt4144332,6.0,65
tt4151192,4.2,49
tt4154664,6.7,81
tt4154756,8.4,90
tt4154796,8.4,90
tt4172498,2.8,39
tt4174926,5.7,38
tt4180290,7.6,46
tt4180560,6.1,65
tt4181052,5.9,56
tt4191054,5.8,62
tt4196848,7.6,73
tt4205718,3.5,53
tt4210080,6.4,59
tt4213806,5.9,52
tt4225622,6.4,71
tt4230700,5.4,56
tt4257940,6.1,59
tt4258698,6.3,63
tt4266076,6.0,65
tt4267026,6.4,65
tt4269118,5.4,53
tt4270516,6.7,66
tt4273292,6.8,68
tt4293752,7.0,56
tt4296186,4.9,68
tt4323594,7.3,61
tt4327752,5.6,55
tt4329242,5.9,58
tt4332232,6.5,73
tt4333674,7.0,57
tt4338154,5.5,46
tt4341582,7.4,68
tt4353250,7.2,70
tt4354740,6.3,53
tt4357394,5.8,67
tt4364194,7.6,78
tt4379728,5.9,62
tt4382824,5.2,58
tt4384148,4.1,39
tt4397342,6.3,52
tt4400994,6.3,60
tt4411584,6.6,64
tt4413338,5.4,52
tt4426464,4.9,51
tt4430136,7.2,63
tt4430212,8.2,72
tt4432804,2.8,38
tt4434004,7.7,80
tt4442130,4.8,53
tt4454078,3.7,45
tt4464394,4.2,53
tt4466894,5.5,53
tt4486728,5.8,45
tt4489160,6.3,51
tt4497338,4.9,50
tt4499228,4.9,50
tt4500196,7.3,44
tt4503906,5.9,55
tt4513674,6.6,69
tt4518260,5.3,51
tt4520988,6.8,78
tt4532818,6.7,52
tt4535650,5.1,57
tt4540710,7.5,76
tt4550098,7.4,81
tt4550420,6.1,56
tt4559006,5.9,59
tt4560008,6.9,65
tt4560436,6.1,72
tt4565520,4.8,59
tt4569494,7.3,45
tt4572792,6.6,70
tt4573516,5.9,63
tt4574654,4.5,48
tt4575576,7.2,75
tt4575782,5.1,35
tt4578118,4.9,58
tt4587366,5.6,61
tt4594834,5.9,60
tt4594836,5.8,51
tt4601180,7.6,48
tt4607228,5.2,44
tt4610378,6.9,82
tt4614612,6.5,60
tt4616250,2.9,46
tt4623856,5.7,55
tt4624424,6.8,73
tt4628812,6.5,39
tt4629266,7.2,60
tt4630444,6.2,58
tt4632316,8.3,63
tt4633690,7.3,75
tt4651410,4.6,58
tt4661798,5.9,59
tt4662420,5.8,59
tt4666726,6.9,65
tt4669186,6.0,62
tt4669264,6.5,66
tt4669296,6.6,64
tt4669986,7.0,70
tt4677924,4.2,48
tt4678200,7.3,44
tt4682786,6.8,75
tt4685554,6.0,54
tt4685806,3.8,52
tt4686108,5.4,51
tt4686844,7.3,75
tt4686862,5.6,59
tt4687108,5.5,66
tt4693358,6.2,65
tt4694544,5.3,63
tt4695012,6.1,72
tt4698684,7.8,80
tt4703048,6.2,65
tt4712076,6.1,56
tt4729430,8.2,78
tt4733736,5.8,51
tt4738360,6.1,60
tt4742274,5.7,41
tt4743226,3.2,50
tt4758646,6.0,69
tt4762824,5.5,56
tt4763168,4.4,55
tt4769824,7.8,68
tt4769836,5.7,66
tt4776998,6.1,68
tt4777008,6.6,76
tt4786282,6.3,74
tt4796122,3.7,51
tt4797436,5.1,53
tt4799064,6.3,66
tt4801232,6.2,53
tt4807408,7.3,70
tt4815122,6.2,68
tt4824302,5.7,69
tt4827558,5.7,68
tt4832248,5.5,45
tt4837126,6.3,54
tt4838334,4.4,46
tt4842270,4.9,45
tt4842646,6.1,55
tt4844148,6.5,60
tt4846232,7.3,77
tt4846340,7.8,83
tt4853102,6.4,70
tt4855748,5.3,57
tt4857264,8.0,83
tt4858674,6.2,74
tt4863386,6.9,47
tt4867110,2.8,48
tt4872078,6.0,58
tt4876036,6.3,46
tt4878482,6.5,83
tt4882376,7.2,67
tt4898730,3.7,52
tt4900018,7.1,58
tt4900716,7.7,84
tt4902716,5.0,50
tt4902904,6.3,55
tt4908644,8.3,89
tt4911288,4.4,44
tt4911408,5.9,51
tt4911996,6.6,61
tt4924942,6.4,65
tt4925292,7.4,81
tt4930176,6.2,37
tt4935334,5.9,64
tt4935462,7.5,64
tt4935746,5.6,59
tt4936176,5.8,57
tt4936450,7.3,72
tt4940416,5.8,53
tt4943322,6.4,64
tt4943820,6.8,48
tt4944352,7.3,63
tt4947738,5.3,42
tt4948040,6.1,51
tt4952376,7.4,54
tt4971344,6.9,72
tt4971408,4.9,56
tt4971824,6.9,53
tt4972062,6.7,66
tt4974684,6.7,52
tt4975920,5.9,62
tt4978274,6.1,59
tt4981636,6.1,62
tt4986098,4.8,63
tt4986134,6.7,66
tt4995776,6.6,75
tt5000698,5.0,45
tt5001754,5.9,82
tt5007774,6.2,33
tt5013782,5.8,47
tt5022702,6.6,73
tt5028340,6.6,73
tt5034122,5.4,52
tt5034266,6.9,65
tt5036924,5.7,37
tt5037840,4.0,54
tt5061570,5.5,46
tt5071886,6.1,65
tt5074352,8.3,97
tt5076150,5.1,45
tt5085924,5.5,62
tt5093026,7.2,75
tt5094192,6.5,51
tt5095030,7.0,81
tt5096470,5.6,52
tt5104604,7.8,80
tt5108476,4.2,50
tt5112692,5.6,42
tt5114154,6.4,58
tt5115546,4.9,50
tt5116302,7.9,76
tt5117484,3.5,41
tt5122374,5.4,50
tt5126540,3.1,61
tt5128826,5.2,50
tt5140248,7.4,52
tt5143704,6.0,53
tt5153236,6.1,59
tt5155780,6.2,72
tt5156746,6.2,55
tt5163286,6.6,50
tt5168832,5.5,66
tt5176486,6.0,43
tt5176580,6.3,54
tt5179598,5.6,62
tt5186714,7.7,72
tt5197544,5.4,58
tt5205210,6.0,51
tt5206260,6.4,80
tt5207116,5.2,43
tt5207846,7.4,43
tt5208216,6.2,63
tt5208252,6.6,69
tt5215952,7.4,75
tt5222768,6.9,76
tt5224012,6.7,44
tt5246700,5.1,60
tt5246902,4.5,50
tt5247022,7.3,73
tt5254610,5.8,61
tt5259822,5.1,59
tt5260026,5.0,54
tt5266668,3.0,44
tt5267472,5.5,57
tt5268348,6.7,57
tt5275828,7.0,64
tt5275866,7.3,49
tt5278462,7.1,68
tt5278506,7.4,70
tt5281700,5.4,47
tt5294518,5.8,64
tt5297578,5.6,49
tt5304992,6.5,69
tt5305246,6.1,53
tt5316540,5.7,65
tt5317732,8.0,74
tt5323662,8.2,78
tt5325684,3.4,41
tt5330986,6.8,40
tt5335314,8.1,63
tt5339586,4.5,40
tt5340882,3.4,48
tt5344794,3.0,49
tt5360996,5.9,63
tt5371168,6.8,60
tt5377564,7.4,59
tt5397194,6.1,69
tt5427194,6.5,60
tt5439796,7.0,77
tt5442456,5.8,64
tt5442884,5.7,39
tt5451244,6.5,63
tt5451640,4.3,44
tt5456546,3.7,51
tt5457484,3.3,45
tt5460548,6.5,48
tt5462602,7.5,79
tt5467554,6.0,62
tt5472374,6.1,59
tt5474042,4.7,55
tt5474644,6.5,55
tt5478478,7.2,76
tt5501104,7.0,68
tt5510970,7.3,66
tt5512872,5.6,54
tt5519340,6.3,76
tt5519566,7.1,56
tt5521550,5.5,55
tt5523010,5.6,65
tt5524630,5.2,49
tt5536610,7.2,67
tt5539054,4.7,52
tt5541002,6.8,57
tt5541240,6.7,69
tt5556054,5.1,52
tt5565254,4.4,45
tt5566790,6.7,75
tt5577494,6.5,60
tt5579356,3.4,37
tt5579982,5.6,46
tt5580390,7.3,82
tt5580392,5.9,66
tt5580536,4.0,53
tt5588416,5.6,41
tt5592248,6.3,70
tt5595168,6.7,67
tt5598110,6.1,52
tt5598216,7.2,85
tt5598292,5.2,60
tt5610626,5.3,53
tt5616176,6.3,62
tt5616294,5.7,61
tt5622412,4.7,54
tt5629084,7.6,56
tt5629524,4.5,53
tt5638642,6.4,83
tt5639898,5.3,53
tt5640450,6.3,74
tt5649144,7.6,77
tt5655222,6.5,63
tt5666304,5.8,64
tt5667482,1.6,38
tt5673714,4.1,45
tt5687040,5.5,53
tt5687270,5.7,53
tt5688868,5.0,53
tt5688932,6.9,73
tt5688996,6.3,64
tt5689068,4.8,57
tt5692390,5.8,60
tt5696326,6.1,54
tt5698568,6.5,56
tt5700672,7.6,81
tt5702446,5.8,50
tt5704748,6.6,70
tt5704912,5.6,51
tt5710042,4.2,37
tt5710514,6.9,70
tt5714320,6.4,51
tt5715066,5.9,64
tt5715874,7.0,76
tt5717492,5.8,58
tt5719700,5.8,67
tt5723286,6.4,79
tt5723774,6.8,57
tt5727208,7.4,80
tt5737862,6.4,58
tt5740806,4.8,48
tt5741304,5.4,58
tt5742374,6.7,74
tt5743858,5.7,41
tt5755912,6.6,52
tt5764024,5.4,54
tt5770430,5.2,58
tt5770620,6.1,54
tt5773986,7.0,61
tt5774062,6.5,66
tt5783956,6.4,75
tt5785116,5.6,50
tt5788462,5.7,54
tt5789976,5.6,61
tt5792656,5.4,59
tt5795086,5.4,55
tt5804412,6.3,58
tt5809020,5.2,45
tt5813366,5.2,61
tt5814408,5.0,40
tt5816374,6.6,63
tt5817548,5.3,43
tt5825380,6.2,65
tt5826432,6.0,68
tt5827360,5.7,45
tt5827790,6.1,59
tt5829032,4.4,48
tt5829040,5.3,57
tt5831402,5.1,57
tt5834760,5.8,64
tt5834854,4.5,53
tt5843876,6.3,64
tt5848272,7.0,79
tt5848416,6.5,52
tt5851786,5.6,51
tt5862166,4.8,57
tt5862312,6.2,81
tt5865326,6.3,71
tt5870322,6.5,49
tt5881528,5.5,57
tt5884230,6.5,65
tt5884234,5.0,58
tt5884960,8.4,74
tt5886440,6.7,68
tt5886842,7.7,44
tt5889204,5.9,54
tt5891626,7.3,56
tt5893332,5.3,62
tt5895028,8.2,76
tt5895892,5.5,53
tt5902484,5.8,42
tt5913798,4.1,55
tt5914996,7.3,64
tt5929654,5.2,55
tt5929754,6.8,69
tt5929776,8.2,74
tt5946128,7.4,66
tt5946668,3.7,47
tt5952332,6.9,69
tt5956100,5.9,72
tt5959952,7.5,58
tt5960374,5.9,62
tt5962210,6.6,70
tt5968274,6.7,75
tt5969180,5.1,51
tt5978822,5.9,54
tt5985288,7.1,57
tt5985820,5.4,46
tt5989218,6.9,68
tt5990066,5.6,56
tt5997666,5.1,55
tt5998744,5.2,29
tt5999530,6.2,54
tt6003368,4.3,58
tt6009140,6.1,55
tt6012380,6.6,60
tt6014472,4.6,53
tt6016744,7.3,83
tt6018306,6.9,67
tt6021694,5.4,37
tt6032076,7.1,73
tt6045466,6.1,59
tt6048930,5.4,57
tt6053948,6.9,72
tt6055082,4.1,48
tt6060156,6.8,62
tt6061074,6.4,72
tt6062774,6.8,65
tt6063090,6.6,65
tt6067832,7.9,61
tt6091368,5.3,36
tt6095472,6.4,67
tt6103292,6.0,40
tt6105774,3.3,42
tt6107548,6.5,84
tt6110504,7.5,78
tt6116568,5.2,37
tt6116856,6.9,87
tt6119856,6.4,66
tt6141246,6.6,71
tt6142496,5.9,69
tt6148864,2.8,44
tt6149154,6.0,60
tt6155172,7.6,94
tt6155456,6.1,54
tt6163142,5.7,47
tt6173902,5.4,51
tt6176928,6.0,55
tt6185286,6.8,73
tt6186696,5.4,58
tt6186910,7.3,57
tt6189022,6.4,75
tt6193408,6.8,86
tt6196936,6.0,61
tt6197400,2.0,38
tt6198246,4.1,47
tt6199572,4.7,56
tt6200274,2.0,32
tt6204340,5.4,59
tt6205872,6.0,64
tt6208096,4.8,32
tt6212478,7.0,72
tt6212496,6.2,56
tt6214928,6.2,84
tt6217306,6.3,68
tt6218358,6.8,84
tt6222118,4.7,59
tt6224502,5.9,56
tt6225520,7.0,65
tt6228640,4.7,40
tt6243140,5.8,76
tt6245644,5.1,36
tt6245710,7.5,41
tt6246534,7.2,51
tt6250650,5.1,48
tt6261048,6.8,49
tt6263642,6.1,52
tt6265828,6.8,74
tt6266538,7.2,76
tt6268734,5.2,44
tt6269368,6.5,70
tt6269658,4.8,43
tt6272828,5.6,57
tt6280328,5.3,44
tt6288124,6.8,68
tt6288694,5.7,61
tt6290418,5.4,45
tt6290736,6.0,47
tt6292852,6.7,89
tt6299040,7.5,77
tt6303866,6.4,63
tt6306064,6.6,70
tt6317962,5.6,55
tt6324278,7.0,73
tt6333052,6.1,59
tt6333060,7.9,75
tt6333064,6.4,69
tt6333072,7.3,75
tt6333086,6.6,55
tt6333088,6.1,55
tt6342110,5.7,48
tt6346162,8.2,69
tt6348138,6.7,68
tt6352548,5.4,44
tt6357074,4.5,41
tt6378710,6.3,62
tt6379314,7.8,56
tt6390668,7.7,85
tt6394270,6.8,76
tt6412452,7.2,92
tt6423886,5.7,55
tt6428150,6.8,69
tt6433832,6.4,64
tt6436726,6.3,75
tt6443294,6.6,60
tt6444140,5.9,71
tt6445414,6.2,60
tt6450804,6.2,76
tt6452332,6.8,58
tt6452574,7.6,74
tt6456222,5.6,51
tt6456326,5.4,60
tt6460528,4.6,66
tt6463468,5.8,65
tt6469960,2.9,38
tt6472116,5.6,59
tt6473066,7.5,60
tt6494358,7.5,50
tt6494418,4.3,60
tt6506146,5.1,46
tt6508228,5.6,60
tt6510332,7.7,66
tt6511932,5.5,62
tt6512300,6.4,44
tt6513120,7.0,77
tt6513656,3.9,59
tt6516314,5.5,58
tt6516590,3.6,43
tt6518270,5.8,59
tt6521876,5.6,65
tt6523720,6.2,65
tt6527456,5.2,50
tt6527586,6.4,54
tt6543652,7.5,72
tt6555772,5.6,47
tt6559576,4.6,40
tt6560164,5.8,62
tt6566830,5.2,50
tt6573444,7.2,55
tt6574146,6.6,62
tt6580564,7.4,75
tt6587640,6.1,69
tt6588966,7.5,59
tt6593054,3.2,50
tt6595896,6.3,62
tt6598238,6.3,68
tt6598626,6.1,57
tt6599184,6.6,45
tt6599742,5.9,52
tt6608138,7.5,55
tt6612946,5.7,55
tt6643972,5.6,62
tt6679412,6.2,46
tt6679794,6.9,72
tt6685596,5.5,50
tt6688136,5.9,50
tt6692354,7.2,80
tt6704776,6.8,76
tt6704898,6.7,55
tt6708116,7.2,62
tt6714534,7.3,81
tt6727296,6.9,52
tt6736198,5.9,57
tt6742252,7.5,73
tt6744044,5.8,57
tt6749318,4.4,50
tt6751668,8.5,88
tt6752992,7.5,85
tt6759506,6.6,75
tt6769280,5.8,61
tt6769508,7.1,61
tt6772802,6.7,72
tt6772804,4.4,59
tt6774588,6.1,58
tt6776106,7.0,76
tt6788942,7.6,68
tt6791096,5.7,67
tt6792282,7.5,83
tt6792666,5.7,55
tt6794450,7.4,74
tt6805862,6.0,40
tt6807324,5.6,46
tt6811018,6.1,64
tt6820324,6.0,73
tt6821012,5.3,60
tt6829180,5.3,61
tt6833470,3.0,44
tt6838918,5.5,56
tt6842770,5.8,61
tt6843446,3.4,43
tt6844138,2.8,58
tt6850820,6.5,74
tt6851966,5.9,55
tt6852872,5.8,62
tt6854672,5.9,57
tt6859352,6.4,62
tt6869538,6.3,55
tt6882604,6.4,68
tt6886574,5.5,43
tt6892462,6.3,58
tt6893836,7.4,81
tt6900448,7.0,67
tt6903636,6.2,51
tt6908274,7.4,74
tt6910020,2.4,55
tt6910734,7.2,43
tt6916348,5.0,46
tt6920356,6.4,66
tt6936350,6.2,45
tt6937368,7.2,54
tt6937724,3.4,76
tt6938828,6.9,69
tt6952960,6.7,80
tt6977240,5.5,59
tt7002100,7.3,87
tt7019942,8.2,87
tt7025388,4.8,56
tt7029854,4.6,50
tt7043012,5.7,71
tt7043534,3.1,46
tt7044076,5.5,55
tt7052494,4.5,50
tt7057496,7.4,70
tt7058080,6.4,63
tt7073710,5.7,60
tt7104578,4.8,46
tt7125860,7.1,71
tt7133686,6.6,80
tt7134096,5.4,64
tt7137380,6.2,66
tt7139936,6.4,68
tt7146812,7.4,80
tt7149730,6.3,66
tt7149916,4.5,43
tt7153434,7.5,52
tt7153766,6.4,70
tt7158430,6.9,65
tt7170950,6.1,68
tt7174660,5.8,48
tt7177642,5.1,41
tt7178226,7.5,61
tt7183578,6.8,59
tt7184124,6.7,52
tt7186092,6.7,55
tt7200946,4.8,50
tt7205316,4.9,52
tt7207238,7.8,64
tt7212754,7.6,68
tt7218518,7.8,87
tt7227742,6.3,51
tt7248248,5.1,53
tt7250056,6.4,57
tt7256866,5.2,55
tt7262384,5.7,52
tt7284204,5.5,56
tt7286916,8.1,72
tt7291268,7.0,79
tt7294534,7.9,65
tt7295450,3.9,56
tt7296862,3.2,39
tt7297156,6.5,52
tt7302054,5.1,48
tt7304802,6.4,60
tt7304824,6.2,58
tt7315484,5.4,65
tt7319822,5.4,53
tt7322850,6.3,52
tt7322864,4.1,38
tt7329656,5.0,63
tt7329858,6.6,70
tt7332500,7.0,47
tt7335796,4.2,52
tt7336684,5.5,44
tt7339248,6.6,68
tt7358154,5.4,58
tt7365604,6.2,60
tt7370952,6.1,61
tt7374948,6.7,88
tt7375578,4.6,47
tt7391996,8.8,68
tt7392212,8.2,71
tt7394816,4.9,60
tt7395114,7.1,89
tt7411120,6.0,43
tt7423486,4.6,42
tt7424290,4.9,50
tt7427356,5.6,56
tt7434324,6.3,57
tt7435316,6.1,55
tt7440432,7.6,79
tt7456312,4.4,48
tt7458762,6.9,67
tt7460806,5.8,61
tt7465992,8.4,86
tt7471004,6.7,68
tt7474914,5.0,47
tt7476236,8.0,90
tt7488208,6.3,84
tt7489816,6.8,62
tt7502214,7.6,53
tt7511008,4.7,48
tt7524414,7.1,65
tt7525514,7.3,56
tt7525778,5.6,67
tt7530986,6.8,69
tt7533152,7.6,89
tt7544820,7.7,60
tt7545524,6.7,65
tt7545566,6.8,60
tt7547410,6.1,68
tt7549996,6.8,71
tt7550000,6.0,69
tt7556122,6.7,78
tt7557108,6.6,71
tt7558302,5.5,64
tt7562334,5.9,51
tt7573844,7.5,50
tt7585674,5.3,39
tt7588790,6.1,72
tt7594134,7.5,47
tt7594584,5.0,54
tt7600382,7.0,58
tt7600716,5.9,51
tt7601296,3.3,44
tt7605074,5.9,76
tt7608028,3.3,47
tt7608418,5.8,72
tt7615302,6.4,66
tt7616148,6.6,64
tt7627790,5.8,42
tt7643622,5.6,46
tt7653254,7.9,83
tt7671064,6.8,85
tt7681824,6.9,60
tt7682382,6.1,62
tt7682430,7.5,62
tt7686876,6.7,48
tt7689052,4.2,52
tt7689906,6.1,56
tt7689924,7.3,74
tt7690638,7.3,71
tt7730102,5.4,51
tt7736496,6.4,63
tt7736536,5.6,42
tt7748076,7.2,52
tt7755856,6.2,55
tt7763020,6.4,68
tt7772580,6.2,84
tt7772872,4.9,36
tt7775622,8.1,77
tt7778680,6.8,74
tt7779590,6.5,50
tt7805960,5.3,54
tt7827944,4.7,42
tt7832848,5.6,60
tt7841496,5.7,53
tt7846844,6.6,77
tt7853242,7.1,60
tt7869070,4.1,54
tt7873348,5.8,61
tt7895904,4.2,41
tt7903530,5.2,54
tt7913394,3.0,40
tt7913994,6.4,41
tt7919810,5.4,48
tt7933796,6.0,69
tt7939766,6.5,71
tt7942746,4.7,50
tt7945440,5.8,57
tt7945450,6.6,55
tt7946422,6.3,68
tt7946836,6.4,61
tt7947150,5.4,39
tt7957694,5.6,61
tt7967412,6.6,76
tt7969042,5.7,53
tt7970348,4.7,55
tt7976208,2.9,48
tt7979142,5.6,62
tt7981318,6.0,44
tt7983712,3.2,41
tt7983744,3.3,43
tt7983894,6.5,67
tt7984734,7.4,80
tt7984766,7.3,90
tt8000718,5.8,62
tt8015080,5.8,58
tt8021048,5.2,43
tt8023734,6.8,55
tt8028526,5.8,43
tt8041276,7.2,84
tt8043306,7.0,64
tt8045906,7.2,66
tt8055324,4.8,37
tt8058874,5.2,58
tt8060774,6.4,56
tt8064262,4.1,43
tt8064392,6.6,40
tt8075016,4.8,61
tt8075192,7.9,76
tt8075260,6.2,68
tt8076222,8.4,60
tt8076344,7.1,67
tt8080302,7.1,56
tt8089116,6.1,34
tt8103160,5.6,50
tt8106534,6.1,75
tt8106570,6.3,64
tt8106576,7.6,66
tt8106596,6.4,57
tt8108230,6.3,70
tt8110640,6.2,77
tt8126440,5.6,74
tt8128188,6.2,66
tt8130968,7.7,80
tt8132700,6.5,77
tt8135494,7.7,66
tt8145202,5.2,48
tt8151874,7.2,89
tt8160834,5.5,55
tt8169446,5.5,61
tt8170298,3.6,48
tt8176578,6.6,76
tt8178486,6.0,61
tt8179024,5.3,57
tt8179388,5.3,63
tt8186932,5.8,54
tt8188610,6.1,49
tt8201170,5.8,72
tt8202262,6.7,47
tt8223844,6.6,61
tt8230872,6.9,67
tt8236336,7.2,89
tt8236398,6.9,51
tt8237172,6.1,57
tt8241138,6.4,57
tt8242084,6.4,76
tt8246392,5.6,79
tt8251336,6.2,40
tt8254556,7.2,66
tt8258074,7.4,64
tt8276106,4.9,39
tt8286926,7.7,56
tt8296660,5.4,47
tt8299768,6.4,82
tt8310924,6.4,70
tt8318284,3.3,50
tt8326250,5.2,42
tt8328716,3.8,55
tt8328740,7.1,80
tt8332802,4.9,55
tt8333746,6.3,72
tt8359848,6.9,75
tt8361028,5.9,64
tt8362228,6.4,50
tt8364368,6.1,72
tt8367184,5.6,52
tt8368406,5.9,71
tt8372368,6.4,79
tt8380776,4.7,59
tt8393332,5.4,54
tt8400758,4.0,54
tt8404614,7.6,76
tt8406660,4.3,49
tt8413566,5.0,41
tt8430598,6.1,64
tt8431078,4.5,50
tt8435268,6.1,56
tt8435324,6.5,46
tt8436026,7.2,75
tt8439854,6.3,63
tt8443704,7.3,82
tt8459250,7.1,59
tt8461224,4.9,61
tt8478602,5.1,56
tt8484012,6.3,62
tt8484160,6.4,58
tt8503618,8.3,81
tt8508734,6.4,87
tt8510324,4.7,42
tt8510488,6.2,63
tt8514564,7.5,46
tt8522006,6.6,83
tt8523028,5.5,51
tt8526872,7.2,92
tt8529070,6.3,48
tt8530796,6.2,39
tt8530978,6.4,65
tt8563452,5.3,58
tt8574836,6.6,45
tt8580274,6.5,84
tt8581198,6.2,42
tt8595708,6.7,48
tt8599746,6.0,51
tt8613070,8.0,80
tt8613876,4.9,55
tt8618654,8.1,87
tt8629748,6.2,73
tt8632862,7.2,66
tt8633478,6.7,74
tt8637428,7.5,76
tt8637504,8.1,69
tt8663516,5.7,67
tt8664988,6.0,66
tt8665746,6.9,52
tt8704802,6.7,61
tt8706138,3.0,70
tt8709036,5.3,63
tt8717446,6.6,61
tt8737608,6.5,60
tt8741182,7.1,48
tt8743032,5.0,55
tt8749922,5.0,50
tt8750122,4.1,46
tt8750570,6.2,66
tt8758086,4.9,55
tt8759834,5.1,54
tt8765496,5.9,70
tt8769848,5.9,54
tt8772262,7.1,80
tt8774798,5.7,59
tt8783532,6.5,56
tt8784956,5.5,70
tt8809652,3.7,51
tt8820590,6.8,65
tt8851668,6.1,66
tt8856470,5.7,58
tt8858104,6.7,64
tt8858420,3.8,45
tt8861786,3.8,35
tt8875940,4.8,42
tt8902948,6.6,56
tt8902978,5.8,55
tt8908002,6.4,60
tt8914492,6.9,74
tt8917752,6.6,57
tt8923482,7.5,84
tt8925540,5.6,48
tt8936646,6.8,87
tt8946378,7.9,85
tt8949056,6.1,65
tt8951058,7.1,58
tt8954732,6.1,63
tt8972556,3.5,45
tt8976576,5.7,59
tt8976710,4.5,55
tt8983164,6.6,58
tt8983240,6.7,39
tt8988748,7.2,60
tt8997712,4.6,53
tt9010900,5.1,45
tt9014248,4.2,44
tt9026184,4.7,57
tt9032888,5.8,46
tt9056818,7.6,65
tt9063902,7.2,71
tt9068272,4.0,36
tt9086228,5.5,65
tt9100028,4.9,45
tt9109976,6.2,54
tt9115528,6.0,48
tt9125380,5.6,41
tt9139586,6.1,63
tt9149946,4.6,42
tt9150970,5.4,50
tt9176296,5.2,49
tt9204088,5.2,60
tt9204164,5.8,56
tt9219848,6.0,51
tt9239888,6.3,55
tt9252508,5.2,57
tt9253926,3.4,41
tt9257932,6.4,61
tt9261218,6.4,75
tt9264728,4.4,56
tt9270416,3.8,44
tt9310328,6.4,61
tt9316022,7.9,67
tt9326056,7.3,56
tt9345754,6.4,67
tt9351980,7.4,86
tt9354842,6.1,68
tt9358044,7.3,63
tt9358052,7.4,73
tt9358206,7.8,52
tt9395384,6.1,44
tt9398640,6.1,74
tt9411866,5.2,53
tt9412098,7.2,91
tt9412268,6.3,63
tt9419834,4.5,52
tt9426186,5.7,56
tt9441638,5.2,53
tt9465600,4.5,57
tt9484998,7.4,79
tt9495224,7.1,75
tt9506474,7.1,83
tt9537292,7.3,62
tt9564774,5.5,49
tt9567112,7.0,51
tt9577334,6.9,51
tt9577852,7.5,68
tt9600932,6.4,51
tt9612368,4.3,45
tt9613244,6.5,46
tt9617716,7.5,63
tt9617782,7.0,44
tt9619798,5.8,70
tt9624766,2.9,56
tt9632590,5.6,70
tt9636630,4.8,47
tt9646240,5.8,58
tt9660688,5.6,51
tt9683478,6.9,89
tt9689696,4.9,59
tt9708358,8.2,69
tt9735350,6.9,57
tt9735758,6.2,73
tt9735976,5.5,45
tt9738716,6.4,65
tt9760504,6.1,53
tt9777644,6.5,70
tt9778348,4.7,50
tt9779290,4.5,43
tt9779516,6.5,64
tt9794630,5.8,60
tt9799984,6.3,52
tt9806192,7.5,89
tt9806322,6.4,62
tt9809140,5.1,46
tt9810420,4.9,48
tt9815998,5.6,55
tt9820352,5.9,52
tt9827834,6.8,78
tt9844368,4.6,45
tt9860728,5.7,62
tt9898858,5.2,51
tt9902160,7.0,61
tt9916362,6.4,58
